Workbook

Sheet Resumo
A1: Análise de Vendas — 1º Semestre 2026
A2: Base: vendas_2026.csv (36 registros) e metas.txt · Todos os totais desta aba são fórmulas que leem a aba Dados · Preparado pela Equipe Alfa
A4: 1. Receita, média mensal e atingimento da meta por região
A5: Região | B5: Receita total | C5: Unidades | D5: Média mensal | E5: Meta da região | F5: Atingimento | G5: Situação
A6: Sul | B6: =SUMIF(Dados!$B$2:$B$37,$A6,Dados!$E$2:$E$37) | C6: =SUMIF(Dados!$B$2:$B$37,$A6,Dados!$D$2:$D$37) | D6: =IFERROR(B6/SUMPRODUCT((Dados!$B$2:$B$37=$A6)/COUNTIFS(Dados!$A$2:$A$37,Dados!$A$2:$A$37,Dados!$B$2:$B$37,Dados!$B$2:$B$37)),"") | E6: 150000 | F6: =IFERROR(B6/E6,"") | G6: =IF(F6="","",IF(F6>=1,"Meta atingida","Abaixo da meta"))
A7: Sudeste | B7: =SUMIF(Dados!$B$2:$B$37,$A7,Dados!$E$2:$E$37) | C7: =SUMIF(Dados!$B$2:$B$37,$A7,Dados!$D$2:$D$37) | D7: =IFERROR(B7/SUMPRODUCT((Dados!$B$2:$B$37=$A7)/COUNTIFS(Dados!$A$2:$A$37,Dados!$A$2:$A$37,Dados!$B$2:$B$37,Dados!$B$2:$B$37)),"") | E7: 200000 | F7: =IFERROR(B7/E7,"") | G7: =IF(F7="","",IF(F7>=1,"Meta atingida","Abaixo da meta"))
A8: Nordeste | B8: =SUMIF(Dados!$B$2:$B$37,$A8,Dados!$E$2:$E$37) | C8: =SUMIF(Dados!$B$2:$B$37,$A8,Dados!$D$2:$D$37) | D8: =IFERROR(B8/SUMPRODUCT((Dados!$B$2:$B$37=$A8)/COUNTIFS(Dados!$A$2:$A$37,Dados!$A$2:$A$37,Dados!$B$2:$B$37,Dados!$B$2:$B$37)),"") | E8: 130000 | F8: =IFERROR(B8/E8,"") | G8: =IF(F8="","",IF(F8>=1,"Meta atingida","Abaixo da meta"))
A9: Total | B9: =SUM(B6:B8) | C9: =SUM(C6:C8) | D9: =IFERROR(B9/SUMPRODUCT(1/COUNTIF(Dados!$A$2:$A$37,Dados!$A$2:$A$37)),"") | E9: =SUM(E6:E8) | F9: =IFERROR(B9/E9,"") | G9: =IF(F9>=1,"Meta atingida","Abaixo da meta")
A11: 2. Evolução mensal
A12: Mês | B12: Receita | C12: Unidades | D12: Ticket médio | E12: % do semestre | G12: Código (apoio)
A13: =CHOOSE(VALUE(RIGHT($G13,2)),"Jan","Fev","Mar","Abr","Mai","Jun","Jul","Ago","Set","Out","Nov","Dez")&"/"&LEFT($G13,4) | B13: =SUMIF(Dados!$A$2:$A$37,$G13,Dados!$E$2:$E$37) | C13: =SUMIF(Dados!$A$2:$A$37,$G13,Dados!$D$2:$D$37) | D13: =IFERROR(B13/C13,"") | E13: =IFERROR(B13/$B$19,"") | G13: 2026-01
A14: =CHOOSE(VALUE(RIGHT($G14,2)),"Jan","Fev","Mar","Abr","Mai","Jun","Jul","Ago","Set","Out","Nov","Dez")&"/"&LEFT($G14,4) | B14: =SUMIF(Dados!$A$2:$A$37,$G14,Dados!$E$2:$E$37) | C14: =SUMIF(Dados!$A$2:$A$37,$G14,Dados!$D$2:$D$37) | D14: =IFERROR(B14/C14,"") | E14: =IFERROR(B14/$B$19,"") | G14: 2026-02
A15: =CHOOSE(VALUE(RIGHT($G15,2)),"Jan","Fev","Mar","Abr","Mai","Jun","Jul","Ago","Set","Out","Nov","Dez")&"/"&LEFT($G15,4) | B15: =SUMIF(Dados!$A$2:$A$37,$G15,Dados!$E$2:$E$37) | C15: =SUMIF(Dados!$A$2:$A$37,$G15,Dados!$D$2:$D$37) | D15: =IFERROR(B15/C15,"") | E15: =IFERROR(B15/$B$19,"") | G15: 2026-03
A16: =CHOOSE(VALUE(RIGHT($G16,2)),"Jan","Fev","Mar","Abr","Mai","Jun","Jul","Ago","Set","Out","Nov","Dez")&"/"&LEFT($G16,4) | B16: =SUMIF(Dados!$A$2:$A$37,$G16,Dados!$E$2:$E$37) | C16: =SUMIF(Dados!$A$2:$A$37,$G16,Dados!$D$2:$D$37) | D16: =IFERROR(B16/C16,"") | E16: =IFERROR(B16/$B$19,"") | G16: 2026-04
A17: =CHOOSE(VALUE(RIGHT($G17,2)),"Jan","Fev","Mar","Abr","Mai","Jun","Jul","Ago","Set","Out","Nov","Dez")&"/"&LEFT($G17,4) | B17: =SUMIF(Dados!$A$2:$A$37,$G17,Dados!$E$2:$E$37) | C17: =SUMIF(Dados!$A$2:$A$37,$G17,Dados!$D$2:$D$37) | D17: =IFERROR(B17/C17,"") | E17: =IFERROR(B17/$B$19,"") | G17: 2026-05
A18: =CHOOSE(VALUE(RIGHT($G18,2)),"Jan","Fev","Mar","Abr","Mai","Jun","Jul","Ago","Set","Out","Nov","Dez")&"/"&LEFT($G18,4) | B18: =SUMIF(Dados!$A$2:$A$37,$G18,Dados!$E$2:$E$37) | C18: =SUMIF(Dados!$A$2:$A$37,$G18,Dados!$D$2:$D$37) | D18: =IFERROR(B18/C18,"") | E18: =IFERROR(B18/$B$19,"") | G18: 2026-06
A19: Total do semestre | B19: =SUM(B13:B18) | C19: =SUM(C13:C18) | D19: =IFERROR(B19/C19,"") | E19: =SUM(E13:E18)
A21: 3. Indicadores gerais
A22: Receita total do semestre | B22: =B9
A23: Meta total do semestre | B23: =E9
A24: Atingimento da meta | B24: =F9
A25: Média mensal de receita | B25: =B19/COUNTA(G13:G18)
A26: Unidades vendidas | B26: =C9
A27: Ticket médio | B27: =IFERROR(B9/C9,"")
A28: Região com maior atingimento | B28: =INDEX(A6:A8,MATCH(MAX(F6:F8),F6:F8,0))
A29: Região com menor atingimento | B29: =INDEX(A6:A8,MATCH(MIN(F6:F8),F6:F8,0))
A31: 4. Conferência entre abas
A32: Soma da aba Dados | B32: =SUM(Dados!E2:E37)
A33: Soma do Resumo | B33: =B9
A34: Diferença | B34: =B32-B33
A35: Situação da conferência | B35: =IF(ABS(B34)<0.01,"OK — abas consistentes","Divergência")
A37: Notas: a meta por região é premissa informada em metas.txt; a média mensal usa a quantidade de meses distintos presentes na aba Dados (6); o ticket médio é receita ÷ unidades. Valores em reais.

Sheet Dados
A1: mes | B1: regiao | C1: produto | D1: unidades | E1: receita
A2: 2026-01 | B2: Sul | C2: Plano Basico | D2: 40 | E2: 7960
A3: 2026-01 | B3: Sul | C3: Plano Pro | D3: 45 | E3: 22455
A4: 2026-01 | B4: Sudeste | C4: Plano Basico | D4: 53 | E4: 10547
A5: 2026-01 | B5: Sudeste | C5: Plano Pro | D5: 58 | E5: 28942
A6: 2026-01 | B6: Nordeste | C6: Plano Basico | D6: 43 | E6: 8557
A7: 2026-01 | B7: Nordeste | C7: Plano Pro | D7: 48 | E7: 23952
A8: 2026-02 | B8: Sul | C8: Plano Basico | D8: 47 | E8: 9353
A9: 2026-02 | B9: Sul | C9: Plano Pro | D9: 52 | E9: 25948
A10: 2026-02 | B10: Sudeste | C10: Plano Basico | D10: 60 | E10: 11940
A11: 2026-02 | B11: Sudeste | C11: Plano Pro | D11: 42 | E11: 20958
A12: 2026-02 | B12: Nordeste | C12: Plano Basico | D12: 50 | E12: 9950
A13: 2026-02 | B13: Nordeste | C13: Plano Pro | D13: 55 | E13: 27445
... A37: 2026-06 | B37: Nordeste | C37: Plano Pro | D37: 60 | E37: 29940
A38: Total | D38: =SUM(D2:D37) | E38: =SUM(E2:E37)
